Creativity Skills                                           ,        1969                                                                                                                                                                                                                                   
Composites                                                  ,        1854                                                                                                                                                                                                                                   
Competitive Strategies                                      ,        1788                                                                                                                                                                                                                                   
Inorganic Chemistry                                         ,        1601                                                                                                                                                                                                                                   
Persuasion                                                  ,        1415                                                                                                                                                                                                                                   
Arts & Crafts                                               ,        1408                                                                                                                                                                                                                                   
Dance                                                       ,        1385                                                                                                                                                                                                                                   
Tax Law                                                     ,        1194                                                                                                                                                                                                                                   
Linguistics                                                 ,        1179                                                                                                                                                                                                                                   
Debt Collection                                             ,        1140                                                                                                                                                                                                                                   
Anthropology                                                ,         994                                                                                                                                                                                                                                   
Affiliate Marketing                                         ,         967                                                                                                                                                                                                                                   
Kinesiology                                                 ,         955                                                                                                                                                                                                                                   
Plastics                                                    ,         921                                                                                                                                                                                                                                   
Web Hosting                                                 ,         918                                                                                                                                                                                                                                   
Data-driven Decision Making                                 ,         891                                                                                                                                                                                                                                   
Bookkeeping                                                 ,         827                                                                                                                                                                                                                                   
Agronomy                                                    ,         824                                                                                                                                                                                                                                   
Contract Law                                                ,         803                                                                                                                                                                                                                                   
Land Surveying                                              ,         734                                                                                                                                                                                                                                   
